"","Undefined.Type.3","Oligodendrocyte.progenitor.cells","Endothelial.cells","Astrocyte.Type.3","Undefined.Type.1","Immature.neurons","Undefined.Type.2","Astrocyte.Type.2","Microglia","Oligodendrocyte","Astrocyte.Type.1","Oligodendrocytes"
"4930581F22Rik",0.00942121,0.019678761,0.036546489,0.254982606,0.014230751,0.019462028,0.017150067,0.117997384,0.017317527,0.037136195,0.053834789,0.135992252
"Abca1",0.013113157,0.031591125,0.063496614,0.043533996,0.009045015,0.00990289,0.03444232,0.160403713,0.019761784,0.022346012,0.057718315,0.057316555
"Abcb1a",0.008249612,0.005470277,0.978247959,0,0.005260419,0.007701312,0.101973807,0.034212037,0.008725055,0.008778875,0.011319126,0.022861162
"Abhd3",0.01931401,0.032844883,0.01617051,0.030903859,0.020587129,0.024173123,0.027500142,0.258060709,0.03698067,0.022758283,0.070225611,0.036912198
"Acsbg1",0.005403175,0.011531024,0.028752621,0.028723871,0.004871954,0.004133863,0.03169054,0.419329089,0.00609746,0.009208861,0.151064841,0.006984167
"Acsl3",0.137402874,0.173063398,0.227394493,0.257895211,0.154538193,0.143909174,0.143641195,1.310587516,0.172385624,0.178655093,0.518624701,0.203262461
"Adhfe1",0.002813253,0.006709323,0.014313495,0.12135582,0.001470876,0.001803006,0.01930031,0.18555653,0.000444795,0.002466523,0.054007315,0.005398507
"Aebp1",0.000925182,0.03723031,0.02341136,0.981985431,0.002212987,0.001080681,0.132816575,0.047807372,0.000939297,0.017037034,0.031725275,0.079079416
"Agpat5",0.059437805,0.142976092,0.067767212,0.076902514,0.055584436,0.071290109,0.064550186,0.320108187,0.068668698,0.071138675,0.135944632,0.024323159
"Ahnak",0.005925418,0.011325527,0.722812774,0.32029726,0.002675415,0.007946315,0.106908132,0.084763598,0.008436457,0.00647634,0.037922083,0.012068822
"Aldoc",0.044411328,0.07161897,0.153876342,0.369548631,0.039506716,0.041467559,0.138031407,0.933695797,0.067876193,0.048794293,0.356200752,0.06186154
"Anln",0.004129753,0.004129823,0.01207224,0,0.0060211,0.002424785,0.003765572,0.009530544,0.00653829,0.095800679,0.039268138,0.389984831
"Apoe",0.106177608,0.469743311,0.808408706,2.029801638,0.127105334,0.14865994,0.496021708,2.209930427,0.120611482,0.285988954,1.056138251,0.488644919
"Appl2",0.064071263,0.121702977,0.103094974,0.37831117,0.064852932,0.127689381,0.144638275,0.916696152,0.125645489,0.168821857,0.406044465,0.363223411
"Aqp4",0.0085463,0.029610926,0.066326884,0.278214443,0.006331006,0.01501527,0.042613063,0.91350421,0.019091227,0.00756104,0.204977119,0.013007812
"Arhgap23",0.039467019,0.038828076,0.075218002,0,0.03871248,0.022988425,0.041971229,0.040016943,0.024424174,0.132810023,0.055426285,0.405274647
"Arhgap5",0.146699819,0.13030015,0.217459549,0.891281712,0.124056554,0.124437329,0.172367568,0.490836982,0.219119812,0.164573818,0.259299357,0.183171784
"Arrdc2",0.014531419,0.01699904,0.025618212,0.014115345,0.014970294,0.00443024,0.027831558,0.027646815,0.012366734,0.098132086,0.036291657,0.385076975
"Arrdc3",0.028200157,0.039384024,0.041186546,0,0.021347885,0.031230005,0.044034657,0.066176281,0.018885402,0.089592903,0.070628797,0.312822574
"Aspa",0.002862274,0.019494247,0.015607407,0.016536464,0.002449843,0.003492763,0.039874862,0.034241215,0.008784315,0.24214732,0.068608726,0.926600762
"Asrgl1",0.027022255,0.067857913,0.062659856,0.09428965,0.023434202,0.020198621,0.03385006,0.327980292,0.029901818,0.035204888,0.085828257,0.050999525
"Atp13a4",0.002313271,0.004077172,0.010339583,0.021581958,0.003494744,0.001683535,0.020103934,0.271752804,0.003056713,0.00967679,0.106288924,0.005779423
"Atp1a2",0.080082843,0.322425881,0.873028202,0.755627475,0.070891547,0.087612785,0.636062721,2.025528626,0.091977122,0.091423998,0.964888355,0.15674333
"Atp1b2",0.045635816,0.114827513,0.204998668,0.32316782,0.040511743,0.09629577,0.105680618,0.916263866,0.060162789,0.07772637,0.292385711,0.048998635
"B2m",0.04337543,0.039074473,0.815059721,0.037742124,0.034838351,0.026677659,0.155256472,0.134900851,0.0845287,0.041481787,0.058790275,0.032043605
"Bcan",0.031148293,0.381807915,0.08087633,0.215772471,0.049949374,0.021613163,0.073960577,1.229259868,0.053885076,0.057660573,0.449906569,0.061980782
"Bcas1",0.002817678,0.181260928,0.017590258,0.13141872,0.010078991,0.01613601,0.003608962,0.039500285,0.012600563,0.11393205,0.03200113,0.404875813
"Bsg",0.214297256,0.268782824,1.610596583,0.395251323,0.22729976,0.26049281,0.527604504,0.348474063,0.279067078,0.23051547,0.298945506,0.246877041
"Btbd17",0.004896765,0.007213419,0.013946895,0.01897549,0.006802647,0.000367718,0.014266139,0.251331264,0.007998781,0.006055146,0.087484401,0.006816221
"C4b",0.001351689,0.003343402,0.019729765,0.018767575,0.002859987,0.00058118,0.01212429,0.282028537,0.00314106,0.011765975,0.05037554,0.038098328
"Cacng4",0.002947405,0.383425586,0.002645207,0.006453709,0.000910994,0.007017479,0.007173992,0.041145767,0.017651543,0.016126061,0.024456896,0.024168504
"Cald1",0.014829131,0.122260276,0.837258851,0.431055993,0.082207772,0.372068176,0.169520409,0.090809233,0.066990144,0.120366969,0.082644688,0.245026336
"Car14",0.001440248,0.002126043,0.04953874,0.017324518,0.004393468,0.001618499,0.033354623,0.046022134,0.000503557,0.090011319,0.019665999,0.320480291
"Car2",0.022537079,0.03646901,0.19724296,0.0625761,0.03810376,0.03765098,0.060406376,0.288317094,0.031801314,0.278019929,0.129225329,0.856721504
"Carns1",0.00552209,0.002028405,0.002331148,0.018767575,0.005419533,0.000731212,0.009785298,0.025177686,0.005089741,0.047454395,0.016010418,0.219341549
"Cbs",0.001337905,0.000682359,0.010950429,0.2306854,0.001922493,0.005469635,0.013739813,0.239402996,0.001178134,0,0.104317202,0.008292092
"Ccdc141",0.007764919,0.018629335,0.623096779,0.091222983,0.008461437,0.006405604,0.084944596,0.263664727,0.028586364,0.020467358,0.091222124,0.005159608
"Ccp110",0.10827495,0.139696583,0.109407102,0.126667536,0.081242135,0.072668029,0.102785184,0.106681332,0.103890425,0.469116468,0.207999329,1.141583227
"Cd63",0.01661389,0.086260875,0.14806145,0.47098606,0.018257198,0.025104629,0.09633197,0.575044298,0.012047736,0.07194202,0.199455991,0.136311181
"Cd81",0.169123456,0.435886359,0.659242273,0.560429167,0.152396142,0.164439712,0.248526979,1.155122222,0.226604544,0.302888765,0.486278966,0.573073879
"Cd9",0.0053169,0.196517941,0.069282857,0.381912688,0.007189924,0.020957111,0.032477155,0.232859623,0.011383945,0.060417692,0.0462174,0.201757885
"Cers2",0.039636509,0.070784201,0.09315761,0.035430047,0.03388417,0.043249131,0.054502616,0.080148631,0.027960821,0.148011632,0.098879024,0.381495285
"Chd7",0.013285927,0.126845854,0.057576359,0.146807127,0.026848806,0.080133435,0.042467732,0.161995219,0.064711067,0.091882714,0.059748319,0.251396773
"Chn2",0.013182779,0.025056517,0.061001704,0.007186989,0.003403521,0.006129483,0.021177896,0.007189711,0.012482885,0.070497382,0.025761382,0.209441435
"Chpt1",0.111987575,0.20423021,0.126019745,0.275175391,0.136891226,0.129397667,0.10752143,0.387189074,0.118508792,0.133401858,0.198352792,0.104244574
"Cldn10",0.005658602,0.016213569,0.041668326,0.03573384,0.017711408,0.007988705,0.017557631,0.494017049,0.007048263,0.007394837,0.135334456,0.015636823
"Cldn11",0.010507443,0.030148378,0.036246338,0.064765544,0.011911305,0.016972111,0.064921067,0.041656303,0.015663062,0.213946556,0.077191851,0.918010415
"Clic4",0.004381024,0.004375299,0.499075579,0.113968585,0.002569591,0.008704344,0.077754146,0.057577745,0.007903616,0.052793361,0.021837555,0.163904622
"Clmn",0.044907261,0.045086719,0.046625654,0.249893425,0.089197295,0.1377574,0.079452988,0.521177021,0.148609521,0.177956076,0.245058516,0.488552043
"Clu",0.133539114,0.212284293,0.169260592,1.368157477,0.130747891,0.102353445,0.204842423,1.704519478,0.12005705,0.142572501,0.692534884,0.104715001
"Cnn3",0.012398012,0.05637898,0.212163511,0.430263773,0.021625161,0.052006335,0.055807189,0.193260376,0.030402262,0.041112695,0.068906193,0.078080431
"Cnp",0.014407511,0.04120929,0.053672662,0.160017328,0.014011235,0.024483808,0.043648597,0.115795285,0.012734877,0.217721614,0.10545352,0.695669848
"Cntn2",0.085235528,0.069271718,0.019388735,0.014115345,0.054209013,0.02076339,0.048831313,0.018209481,0.085614094,0.243155462,0.095281239,0.554932389
"Col11a2",0.015098371,0.10809278,0.020670049,0.06255061,0.010375491,0.006454207,0.020591634,0.411008788,0.019682991,0.037811656,0.13010712,0.081800349
"Col1a2",0.000859621,0.013418439,0.058012607,0.046798848,0.000327946,0.003635518,0.144952119,0.045118514,0.001578824,0.005091365,0.038862517,0
"Col9a3",0.007991918,0.07763185,0.02191202,0.10337666,0.008876547,0.006925882,0.053651711,0.183403323,0.015806453,0.027382088,0.058486903,0.071063631
"Cp",0.001634882,0.059096466,0.241023567,0.136950625,0.000686378,0.000656892,0.115083173,0.022828856,0.006875296,0.002490555,0.016370132,0.028992718
"Cpe",0.332345466,0.356514271,0.381694168,1.013598677,0.391166211,0.202325785,0.345952485,1.304568518,0.37382579,0.36766169,0.618204689,0.147725736
"Crlf3",0.029067272,0.085455368,0.07855318,0.2586628,0.047482174,0.050263921,0.029161115,0.219496176,0.099530101,0.058900005,0.140249584,0.133932779
"Cryab",0.015312846,0.052723487,0.062732047,0.100907156,0.007468842,0.010740937,0.038283626,0.0701132,0.019442,0.10551081,0.047609778,0.394344107
"Csf1",0.015111298,0.024918465,0.065970911,0.084905833,0.021492467,0.046173544,0.021716019,0.131283787,0.025079998,0.054542939,0.052330695,0.173015822
"Cspg5",0.123308426,0.313517397,0.051281886,0.065251171,0.050135208,0.034489236,0.115822577,0.488149174,0.078161993,0.087421543,0.268953774,0.038044283
"Cst3",0.196231821,0.38390062,0.956539497,0.967679194,0.209140452,0.236672564,0.480760784,2.0674254,0.39142205,0.244117941,0.972776839,0.388436498
"Cuedc1",0.050581086,0.104588685,0.102219114,0.225741888,0.051823832,0.058934833,0.056921058,0.213848443,0.073477486,0.101146996,0.103367151,0.133599467
"Cxcl12",0.014099227,0.02121517,1.104975568,0.009087514,0.023950293,0.060254135,0.154703759,0.065202553,0.015944121,0.022793464,0.049369342,0.023485681
"Cxcl14",0.025476831,0.056222696,0.038738913,0.108193458,0.014558989,0.011138684,0.025842468,0.568383457,0.022111024,0.023095472,0.161332706,0.010138479
"Cyp2j6",0.00841941,0.067013095,0.02366732,0,0.007336166,0.001866004,0.015069276,0.244500682,0.012188926,0.016241568,0.072944325,0.024876802
"Cyp2j9",0.001677885,0.048440104,0.013389271,0,0.001392818,0.007000155,0.006702103,0.168401021,0.003365532,0.010247843,0.056106906,0.004276369
"Daam1",0.102055465,0.155970462,0.135542969,0.121499905,0.090108887,0.098043854,0.090789331,0.209618189,0.128924785,0.2574377,0.185572612,0.61903843
"Daam2",0.00429239,0.007404213,0.061654284,0.006453709,0.008438023,0.00317945,0.023600623,0.49992952,0.008152715,0.083935572,0.170454973,0.258835344
"Dbi",0.032861761,0.105057284,0.285883568,1.63420231,0.053716788,0.057759381,0.08341037,0.422345451,0.049576467,0.105581781,0.170566873,0.248179837
"Ddhd1",0.0870127,0.107294344,0.043698426,0.092035287,0.089487339,0.084240021,0.092833641,0.58200316,0.097408835,0.104158705,0.238738729,0.079684813
"Ddr1",0.029516708,0.047421979,0.018877099,0.677508577,0.023454401,0.033748804,0.021035412,0.136076816,0.014964552,0.084225305,0.055390518,0.176032201
"Dio2",0.004309835,0.018269764,0.021451148,0.021581958,0.002248916,0,0.011634628,0.23135178,0.009177016,0.005771493,0.087254588,0.006188863
"Dnajc3",0.05671457,0.10142518,0.27277423,0.231948745,0.077224891,0.065003344,0.090035584,0.215060201,0.09477909,0.060806963,0.095364784,0.104723686
"Dock10",0.008015847,0.079136187,0.032373693,0.038194039,0.046693099,0.375564402,0.028530795,0.031453506,0.099227962,0.181455833,0.053100833,0.429099326
"Dtna",0.104405809,0.161066149,0.064576977,0.189642798,0.172866509,0.297087937,0.09616014,0.677368918,0.132671713,0.165775257,0.351249825,0.143107776
"Ednrb",0.004910154,0.132949762,0.043610839,0.18599379,0.007717012,0.006542814,0.009250341,0.496069526,0.001860933,0.010743915,0.108025295,0.014952229
"Efnb3",0.018206379,0.033942503,0.019322033,0.026061724,0.049887107,0.113569247,0.034692045,0.024354849,0.035455221,0.156496374,0.053865727,0.473522523
"Elovl5",0.019358366,0.031880966,0.133574864,0.047613237,0.021253939,0.032337995,0.033144419,0.258408552,0.02069921,0.049648713,0.085890023,0.109677804
"Enpp2",0.21960795,0.218871792,0.136474735,0.178602505,0.082124394,0.024266788,0.305646053,0.107746476,0.09419014,0.384893721,0.262528777,1.143040626
"Epas1",0.008080879,0.025565415,0.878024775,0.055590351,0.005125338,0.008480222,0.088714521,0.063986613,0.019063091,0.007951887,0.031953072,0.029729634
"Etnppl",0.002246795,0.001560796,0.018527153,0.099199923,0.002421489,0.002569801,0.005323107,0.293820116,0.00304886,0.000336453,0.115311115,0
"F3",0.011670139,0.09488895,0.044891223,0.206150544,0.012887596,0.014734967,0.053043408,0.729582791,0.011318393,0.006570451,0.275287286,0.023240308
"Fgfr1",0.021269269,0.052273512,0.048636382,0.45648279,0.100108702,0.078319792,0.047125802,0.335651192,0.037716414,0.049107437,0.134485671,0.01185865
"Fgfr2",0.004004641,0.008443485,0.010246125,0.115956181,0.005397041,0.011259342,0.023135399,0.103246428,0.005670375,0.054764945,0.042059677,0.254145774
"Fgfr3",0.005884903,0.018755652,0.034515255,0.30935941,0.005114368,0.003577092,0.033552752,0.651041758,0.011885399,0.004578555,0.221747861,0.006811496
"Flt1",0.014238847,0.024911961,1.477214743,0.013199642,0.00857634,0.008694034,0.207165068,0.042731782,0.027345844,0.011963257,0.030172254,0.043787388
"Fnbp1",0.146045323,0.125233854,0.085484477,0.321468504,0.180138224,0.137409678,0.118368578,0.406584806,0.176407568,0.445427239,0.292975306,1.123797081
"Frmd4b",0.006852371,0.023922828,0.139966328,0.029580285,0.021208647,0.110273215,0.029090866,0.028489023,0.072543153,0.101519471,0.037875243,0.308706804
"Fxyd1",0.029229802,0.005366286,0.04905912,0.290625567,0.027476807,0.011719116,0.060106056,0.489563793,0.031130422,0.035334188,0.125882064,0.011798094
"Fzd2",0.002432563,0.002503508,0.009333059,0.101195932,0.00076384,0.00100279,0.043014607,0.119240789,0.0011771,0.003106165,0.057810827,0.006359957
"Gad2",0.10767495,0.139229266,0.01738872,0.049309673,0.027352966,0.019228558,0.061650673,0.023400427,0.088098466,0.121189052,0.082946757,0.044531791
"Gatm",0.039374153,0.180023049,0.662010462,0.105910742,0.042481901,0.035640251,0.108269781,0.118599164,0.051359843,0.341160534,0.127375849,1.085734979
"Gfap",0.004363936,0.0127893,0.049470137,0.203694959,0.009036911,0.015079881,0.03117571,0.490499692,0.021464,0.022655644,0.116322031,0.031353931
"Gja1",0.017775511,0.023300754,0.212979527,0.636032809,0.016584461,0.018242341,0.09901597,1.463916369,0.024558117,0.025451411,0.454841686,0.053790688
"Gjc3",0.00408602,0.194368342,0.004972925,0.051368828,0.006499705,0.003806222,0.028545008,0.02938741,0.005432374,0.177168503,0.050350352,0.748992968
"Glud1",0.065721973,0.07735092,0.231960445,0.204973745,0.060878889,0.054417401,0.101970269,0.426816003,0.103505453,0.079562404,0.175958331,0.112750646
"Glul",0.074616643,0.074057078,0.765206062,0.150727552,0.05908435,0.048473253,0.26962066,1.165927373,0.125100094,0.223994357,0.504549591,0.709378104
"Gm21984",0.000929734,0.001583563,0.00101673,0.026058486,0.003044457,0.002842942,0.006023209,0.002067303,0.00323222,0.072076834,0.033667807,0.362308839
"Gm3764",0.301801941,0.493394231,0.090563555,0.301545519,0.248004417,0.191885487,0.239814414,1.317264696,0.188943733,0.227444004,0.711808499,0.066885096
"Gm973",0.001027233,0.003078791,0.004354868,0.789744785,0.001519079,0.002196026,0.015097465,0.154849993,0.005153006,0.006020115,0.041856943,0.003783798
"Gnai2",0.039653629,0.074852026,0.547628161,0.229759559,0.031871652,0.031236431,0.1138555,0.217422658,0.059738811,0.055291001,0.086574104,0.124420799
"Golim4",0.030604019,0.064083564,0.405768179,0,0.04488856,0.025101875,0.062777139,0.148935353,0.036919798,0.05223779,0.046957031,0.075078048
"Gpld1",0.023841109,0.121310064,0.010503126,0.130978689,0.026234772,0.066456257,0.017129479,0.270879359,0.020314486,0.027842519,0.111054137,0.025759584
"Gpr37",0.002674529,0.005555422,0.013774575,0.027926235,0.01975197,0.023819462,0.01375391,0.095845684,0.009903557,0.064443427,0.048896863,0.223865225
"Gprc5b",0.018385714,0.04786489,0.045708353,0.22135594,0.039203208,0.121956568,0.021122828,0.308187756,0.042084473,0.085902271,0.129920085,0.182381523
"Grin2c",0.003823137,0.004397001,0.026722841,0.049508193,0.003682813,0.000938978,0.017392853,0.33539842,0.027835627,0.002822093,0.150529878,0
"Grm3",0.067050523,0.045406525,0.048133588,0.006453709,0.017616203,0.01996933,0.048045832,0.243766198,0.031209526,0.081526426,0.12465586,0.145426813
"Gsn",0.013387656,0.031172424,0.019311698,0.192643963,0.009722133,0.000904061,0.052802518,0.08567064,0.014149754,0.06969502,0.067775429,0.197535482
"Gstm1",0.017058162,0.014697409,0.300397098,0.57457148,0.024770891,0.03385952,0.054163685,0.387286143,0.018376877,0.026316155,0.096126156,0.057838909
"Gstm5",0.047521617,0.053534208,0.07946982,0.249423175,0.057563667,0.058827863,0.064609949,0.456997806,0.037047482,0.059117756,0.162402526,0.081535674
"H2-K1",0.007357009,0.01246169,0.446450896,0.082372025,0.004716081,0.004040381,0.067179368,0.144455764,0.015989286,0.016458325,0.057333547,0.043305442
"Hapln2",0.007822895,0.008562226,0.012710976,0.039163794,0.007116221,0.011512644,0.010912337,0.015220784,0.008272596,0.368210135,0.083579358,0.991655286
"Hba-a1",0.013413065,0.019999056,0.403999704,0.01897549,0.010935175,0.009890829,0.105834054,0.034574927,0.035565047,0.017173865,0.015290261,0.042094179
"Hepacam",0.005333454,0.040103174,0.027624893,0.275263403,0.004812221,0.012937526,0.019627242,0.485376892,0.009506029,0.062502156,0.163932001,0.178733334
"Hexb",0.013976427,0.049688815,0.071698802,0.027044182,0.015609,0.012104682,0.027136832,0.074076951,0.506732014,0.095562154,0.060482611,0.116536726
"Hip1",0.066005801,0.143154709,0.380495314,0,0.026017734,0.021053332,0.092674692,0.174405057,0.050527305,0.078142383,0.106270248,0.172615454
"Hist1h2bc",0.012373627,0.015526566,0.114075032,0.204710368,0.018753571,0.032906407,0.044926933,0.147472695,0.013458868,0.027827851,0.037023989,0.066158319
"Hsd11b1",0.001947231,0.002744451,0.003612987,0.021581958,0.005840752,0.002372678,0.002244428,0.213948756,0.00485949,0.006605727,0.0466834,0.004150746
"Hsd17b12",0.041825015,0.134747906,0.087446927,0.081507051,0.033276507,0.032795369,0.048467514,0.176542074,0.057918068,0.065074888,0.071114474,0.118430509
"Htra1",0.021316158,0.097954373,0.127575168,0.191691387,0.011082174,0.015806028,0.071020919,1.090568362,0.017674834,0.042878972,0.413932518,0.139316811
"Id1",0.006905409,0.014277754,0.731448129,0.006453709,0.004021593,0.007384427,0.067124178,0.12122056,0.016473965,0.001662715,0.041058007,0.012260828
"Id2",0.136494521,0.135100064,0.144748012,0.157839181,0.040810736,0.048052969,0.114530479,0.671289886,0.090902785,0.079186744,0.253643165,0.050162855
"Id3",0.013573666,0.026001116,0.839890292,0.052912197,0.008034841,0.013905723,0.116440195,0.584042106,0.020253409,0.012329001,0.150502605,0.026418094
"Id4",0.010895321,0.015333079,0.034188138,0.551889376,0.009751158,0.00493883,0.00715119,0.405414206,0.025890229,0.015410216,0.109549734,0.010812417
"Igfbp2",0.004138847,0.006064854,0.031510696,0.157680111,0.004163183,0.006003927,0.14451139,0.096502619,0.003483549,0.005242559,0.035073533,0.006659597
"Igfbp5",0.030959527,0.060729535,0.062244177,0.229009986,0.047970864,0.161763216,0.040128138,0.349494916,0.066240764,0.055219747,0.116111309,0.025635642
"Igfbp7",0.01367406,0.011091989,0.883930476,0.049764387,0.008370567,0.00678002,0.130646182,0.031429409,0.007548336,0.012484215,0.031682855,0.01785023
"Il18",0.012140021,0.069348006,0.040881636,0.22240254,0.016508909,0.030632647,0.048882716,0.470892253,0.039245536,0.060506362,0.229265352,0.174179719
"Il33",0.003416745,0.003923656,0.021929451,0.014115345,0.002487144,0.014565992,0.000590737,0.043652786,0.002249578,0.086904661,0.023995479,0.350668915
"Insig1",0.063651123,0.068832624,0.066431846,0.014151883,0.033756044,0.030999207,0.060826282,0.240506584,0.066105278,0.082041177,0.097761106,0.176661971
"Itgb8",0.024087916,0.058294527,0.022670886,0.130412884,0.030515999,0.065331066,0.029765449,0.249435755,0.040225097,0.045141063,0.070606807,0.09112028
"Itih3",0.000683156,0.000384895,0.014222535,0.084149303,0.000833601,0.001588042,0.003956044,0.361606585,0.006491799,0.009600158,0.091704101,0.035573833
"Itih5",0.002814567,0.006614551,0.637725962,0.075483806,0.002243424,0.004199886,0.097082158,0.09249917,0.007825872,0.011047273,0.020247735,0.001474176
"Itm2a",0.026414735,0.037792121,1.396649277,0.019076078,0.014112876,0.024656738,0.229523884,0.071763438,0.033477106,0.018627522,0.046181527,0.059445225
"Itpr2",0.004854034,0.133048685,0.20055859,0.074987639,0.015034767,0.011183315,0.039324688,0.203252742,0.025532362,0.021434566,0.06884959,0.041169872
"Kcnj10",0.003092878,0.040741752,0.024653691,0.239267833,0.004353716,0.004248945,0.012177317,0.231925419,0.00538407,0.018758745,0.084926768,0.112500863
"Kctd13",0.040928457,0.025016882,0.039013363,0.088863298,0.040857802,0.054708008,0.030436233,0.031524793,0.055263064,0.117998743,0.078471085,0.352987112
"Lamp1",0.142863281,0.26683969,0.481446179,0.306329742,0.129878516,0.127899057,0.174303199,0.477069948,0.132427357,0.237385168,0.266673565,0.448951036
"Lap3",0.013893259,0.037178779,0.050843205,0.03176044,0.017573758,0.025418102,0.017043312,0.099968217,0.015705113,0.038543622,0.055732067,0.139540939
"Lcat",0.004009761,0.018337431,0.022929764,0.028035667,0.002434496,0.003998917,0.009956387,0.347632999,0.005046094,0.000548427,0.080642211,0.011278185
"Lfng",0.001851332,0.007013643,0.070509762,0.071892102,0.003251303,0.001424918,0.02855699,0.356675736,0.006925044,0.002256628,0.104279374,0.009438173
"Lgi4",0.014272198,0.00435906,0.013379166,0.047922199,0.0062326,0.001479702,0.015308569,0.305826288,0.010652216,0.012802695,0.084203085,0.009565753
"Litaf",0.002493955,0.018212408,0.031943706,0.009363221,0.000772646,0.00328169,0.005190734,0.019401301,0.008992992,0.081117473,0.017524677,0.418893646
"Luzp2",0.018713119,0.053321501,0.016292311,0.066817954,0.018960777,0.010727774,0.019301341,0.178224145,0.014798469,0.022363421,0.099300067,0.021156953
"Ly6a",0.0093109,0.012776119,1.114734411,0.033248451,0.00899598,0.017810248,0.12043934,0.028398431,0.027018861,0.006246394,0.015734543,0.019189779
"Ly6c1",0.021330529,0.027870651,1.334777851,0.023753781,0.018104484,0.025999764,0.202616962,0.04994763,0.022741576,0.017056798,0.025435308,0.056629209
"Map7",0.222755962,0.162739329,0.074278422,0.071340771,0.23334199,0.1841719,0.139630678,0.061217711,0.127460089,0.503062182,0.244460561,1.173673928
"Matn4",0.000982973,0.338144965,0.012351204,0.027926235,0.000747701,0.032051643,0.004159282,0.05014414,0.008437362,0.033415351,0.02897727,0.122907218
"Mbp",0.061232773,0.145657549,0.119292654,0.72252814,0.107884089,0.184519678,0.197689488,0.392091842,0.120521626,0.698378293,0.309429526,1.738136672
"Mdk",0.011195858,0.028534728,0.023273474,0.012186602,0.013695504,0.011016911,0.046086813,0.129295999,0.014323057,0.011724881,0.060343387,0.009241761
"Mertk",0.005894053,0.039366575,0.107777437,0.118472518,0.005747285,0.004030132,0.049986872,0.56247978,0.089512267,0.032037214,0.206633057,0.055808128
"Mfge8",0.013913626,0.04870402,0.257576428,0.037185226,0.011938397,0.023047194,0.096187315,0.690388874,0.013323877,0.013095496,0.29009615,0.017003825
"Mid1ip1",0.016004293,0.043053876,0.067206302,0.189935512,0.006643328,0.008132193,0.035070753,0.147292539,0.026053596,0.034329032,0.052455721,0.066297484
"Mlc1",0.004932567,0.002478056,0.034715145,0.517423661,0.008078124,0.008812831,0.029943946,0.513562139,0.004813469,0.006948726,0.124565849,0.017418492
"Mmd2",0.035206725,0.09413405,0.073796952,0.182870045,0.106153595,0.181728579,0.041740249,0.632918787,0.051581176,0.06675728,0.227557782,0.02799329
"Mobp",0.024974499,0.065864883,0.075234416,0.235480733,0.039118651,0.058926842,0.070043394,0.198887449,0.04108884,0.413021808,0.157017623,1.352770072
"Mog",0.005388772,0.009701497,0.011831985,0.007186989,0.007421599,0.00877236,0.01349997,0.017588384,0.004103242,0.203447625,0.062975535,0.66284261
"Mro",0.010740519,0.029426979,0.002711494,0.327195484,0.026434664,0.034845461,0.015268812,0.170119771,0.007855055,0.010288132,0.05711433,0.005515723
"Msi2",0.199050979,0.173546594,0.361354171,0.467390393,0.148800366,0.145107644,0.212638336,0.834457134,0.18552832,0.174001939,0.370753452,0.093074484
"Mt1",0.057764372,0.088291604,0.558468516,1.280903839,0.091996666,0.150763761,0.161117002,1.154799931,0.076067251,0.097438406,0.3848081,0.197876886
"Mt2",0.016149612,0.031543348,0.225035499,0.795986722,0.017982269,0.034754428,0.058645122,0.786169339,0.021226775,0.022664807,0.185853208,0.057384377
"Mt3",0.083683812,0.136054771,0.096801202,0.862063429,0.161171026,0.211729916,0.150465629,0.65614253,0.135656948,0.118071223,0.257750564,0.099150261
"Mtss1l",0.023146716,0.114164664,0.040348283,0.216953,0.016076423,0.01146625,0.044043904,0.207269255,0.011481487,0.027307391,0.080455487,0.023299947
"Myo10",0.021663848,0.073528547,0.492864939,0.36601695,0.017587911,0.014657161,0.056809673,0.407679042,0.024225406,0.021172004,0.145042864,0.01962279
"Myo6",0.108022899,0.113620155,0.260996865,0.229489374,0.106270307,0.069442367,0.123857253,0.635591432,0.118096336,0.221552804,0.314258567,0.666419248
"Naaa",0.016276146,0.008980636,0.021687471,0.328362668,0.014487949,0.007419029,0.026375894,0.194854746,0.01610345,0.015706002,0.056762018,0.011270971
"Ndrg1",0.011234773,0.019294108,0.635532437,0.100796536,0.001412337,0.002786237,0.060036613,0.018761589,0.005931912,0.071908642,0.040772394,0.234463972
"Ndrg2",0.035487929,0.079338612,0.187199917,0.441330309,0.025751331,0.022956426,0.10258111,1.058484965,0.078026376,0.068309438,0.430014474,0.064055309
"Neat1",0.023783711,0.065588124,0.382200195,0.906209396,0.027396907,0.039184174,0.238538557,0.594585292,0.060285244,0.631818333,0.304536186,1.638380675
"Nfia",0.036491789,0.115398944,0.250457617,0.623096565,0.108729187,0.204985194,0.107728282,0.304079114,0.078417508,0.088644348,0.147992309,0.129176487
"Nfkbia",0.029237351,0.029037951,1.041542673,0.0267863,0.03085503,0.035534458,0.118737352,0.233522064,0.065040383,0.067422637,0.096028294,0.1849426
"Nkain4",0.017613132,0.023842441,0.017360209,0.215679132,0.026709448,0.019827239,0.020371614,0.226462213,0.014145111,0.032548393,0.087108181,0.019297239
"Nnat",0.01663727,0.153858371,0.018389946,1.089444524,0.03757388,0.027390415,0.090737306,0.252003321,0.015708265,0.023267454,0.082717136,0.022238811
"Notch1",0.004712796,0.066674729,0.315737245,0.183125348,0.002995491,0.01611182,0.035587101,0.282870064,0.007724394,0.003074684,0.078882642,0.012643148
"Npas3",0.025473028,0.064678586,0.008490088,0.198999569,0.009834124,0.010790509,0.022490246,0.190377081,0.030832605,0.02364683,0.066530835,0.027275225
"Npc2",0.025756448,0.022294822,0.165266304,0.084307054,0.023622559,0.022933049,0.058945735,0.163868744,0.02836093,0.045255363,0.053989009,0.094265229
"Npy",0.08631903,0.082124096,0.030828691,0.151561341,0.005786723,0.009332256,0.105232243,0.038551771,0.051362149,0.07027874,0.076026409,0.027690259
"Nr2f2",0.00595133,0.030223293,0.212132474,0.17098217,0.005992268,0.007178653,0.110003956,0.031103607,0.011725702,0.014526896,0.018056887,0.004827263
"Nwd1",0.003168472,0.008600078,0.0122784,0.159879193,0.004359194,0.003460924,0.00744316,0.260312866,0.002973351,0.007429284,0.087534165,0.005297845
"Paqr8",0.017279398,0.039958609,0.039119054,0.039764983,0.017662659,0.01431745,0.024206845,0.271144522,0.018420982,0.027428867,0.0851457,0.043032248
"Pax6",0.003231302,0.005557875,0.013073748,0.136008134,0.000116501,0.001316179,0.009419887,0.147620831,0.007215295,0.005492073,0.054661264,0.010740361
"Pbxip1",0.007208827,0.00795132,0.105095128,1.020793638,0.001652703,0.003527371,0.03915896,0.408908212,0.01493261,0.010593619,0.146635805,0.025435709
"Pcp4l1",0.034444528,0.028430669,0.691494523,0.345031451,0.024145252,0.014895439,0.072930462,0.040023236,0.047826886,0.027639766,0.045593971,0.025939678
"Pde8a",0.00235709,0.012207706,0.102063511,0,0.00356539,0.00207019,0.005072639,0.012064556,0.002943244,0.064766702,0.022541127,0.272369673
"Pdgfra",0.000521582,0.369736633,0.014592408,0,0.001481847,0.0043999,0.031866366,0.013631104,0.002473805,0.007883479,0.025493429,0.018033511
"Pex5l",0.159304331,0.122378371,0.068347957,0.081307888,0.175111275,0.050230938,0.153378378,0.063810904,0.110542513,0.340952441,0.19510632,0.845154164
"Phgdh",0.001268383,0.005319055,0.008784096,0.054982871,0.002804164,0.010946643,0.00347579,0.132213553,0.003958969,0.013009169,0.039203316,0.089269182
"Phka1",0.020382581,0.071460043,0.047124875,0.063093256,0.014797132,0.017693709,0.019667073,0.286426797,0.017120573,0.028988132,0.121779951,0.029898565
"Phkg1",0.001852618,0.00229018,0.007168395,0.375726953,0.001010391,0.001515185,0.023601976,0.429562983,0.010322797,0.003003698,0.142380573,0.010332336
"Phldb1",0.032380558,0.137396006,0.058833889,0.273558517,0.025478427,0.018278551,0.055545462,0.02982734,0.037495252,0.239354957,0.094774254,0.742738359
"Phlpp1",0.018183259,0.032847854,0.048824497,0.057266926,0.019054938,0.021983904,0.04874973,0.095142786,0.02152665,0.061795913,0.066876491,0.257146111
"Pip4k2a",0.055390524,0.054909257,0.053111074,0.109528338,0.038130978,0.037028761,0.04556268,0.099177192,0.077991779,0.11008972,0.085226568,0.227895869
"Pitpnc1",0.045203916,0.05935026,0.378616415,0.543525884,0.045663271,0.093785084,0.084206154,0.58454691,0.137331937,0.064569713,0.221696448,0.026522992
"Pla2g16",0.004038465,0.013860843,0.100149175,0.026287914,0.001806537,0.006182636,0.013317417,0.061838922,0.015162994,0.051420676,0.035779543,0.172334105
"Pla2g7",0.0157919,0.050556606,0.061047372,0.610403213,0.024111918,0.023006839,0.026622607,1.038610846,0.017078728,0.028527869,0.322548157,0.051954049
"Plcd4",0.008086812,0.018982364,0.019780267,0.289328652,0.007261089,0.004559005,0.016710662,0.490811391,0.023402509,0.006824123,0.180061184,0.017575037
"Plekhb1",0.005252891,0.021666065,0.027727614,0.476502708,0.009735204,0.017740745,0.014598649,0.073696478,0.012302053,0.061127199,0.045677839,0.22445578
"Plekhh1",0.008826916,0.007512996,0.012340403,0.021581958,0.003714589,0.002737607,0.006489306,0.013481818,0.022651899,0.083216782,0.0404945,0.387982389
"Pllp",0.006424669,0.150610944,0.206132359,0.030108858,0.006435843,0.016762514,0.019453068,0.023800345,0.012880774,0.085980954,0.032631908,0.360081388
"Plp1",0.122156874,0.346509827,0.251034317,0.359700822,0.186681902,0.192668504,0.395983985,0.447734815,0.182501349,1.405845744,0.482815077,2.638961506
"Pltp",0.018065516,0.028016652,1.247617193,1.236919736,0.015068344,0.02094107,0.208801734,0.069226181,0.027758845,0.03041981,0.057474587,0.037839012
"Plxnb1",0.005031454,0.045285491,0.039603069,0.172595091,0.001004262,0.001118269,0.027398094,0.294853438,0.005280503,0.031033842,0.11037671,0.084815033
"Plxnb3",0.001291149,0.038219944,0.00390947,0.021878511,0.00156172,0.00119072,0.002827425,0.015882517,0.003337309,0.070635325,0.03367736,0.282919404
"Polr3e",0.079470101,0.078393927,0.027581075,0,0.072189016,0.068623976,0.064399128,0.063474081,0.078784861,0.246082928,0.116032007,0.657099272
"Ppfibp2",0.011271904,0.035662275,0.042973149,0.071380629,0.003440718,0.010159672,0.035039867,0.110373646,0.009537929,0.090259844,0.071851615,0.305552442
"Ppp1r16b",0.079362825,0.116826046,0.211578233,0.037778542,0.112638024,0.244492493,0.067013633,0.051372008,0.092359805,0.299682571,0.123668614,0.550449009
"Prdx1",0.052432542,0.075132809,0.451207181,0.214033836,0.048468303,0.062758389,0.075277104,0.254325096,0.050481075,0.084732307,0.129547137,0.17868717
"Prdx6",0.073349255,0.060291006,0.141200571,0.626493624,0.058335965,0.059275163,0.087474058,0.698940937,0.068256693,0.074413232,0.234035734,0.090130098
"Prex2",0.013218834,0.013423348,0.224199013,0.090602792,0.024027072,0.040920648,0.039201095,0.414267239,0.011063889,0.018412293,0.152468501,0.005163473
"Prkcd",0.001789754,0.021753752,0.03022937,0.028397395,0.025834887,0.007359228,0.035264902,0.096491394,0.306567727,0.040858757,0.058667343,0.05681649
"Prodh",0.00511336,0.009588212,0.022989228,0.366772618,0.003569414,0.004643781,0.051380868,0.419400031,0.003604398,0.004211029,0.152297876,0.007598395
"Prox1",0.002687655,0.038767849,0.01738928,0.054065256,0.016312836,0.453321396,0.021333515,0.049978341,0.067858319,0.093353821,0.062091681,0.189921485
"Prr5l",0.001366017,0.002061015,0.112643861,0,0.000138686,0.003405052,0.011869172,0.01583016,0.004312871,0.056991218,0.010714929,0.242235175
"Ptgds",0.103353391,0.129295158,0.231043308,0.199626919,0.082827791,0.086100054,0.807069253,0.255082978,0.119767687,0.52130799,0.344181867,1.333932819
"Ptn",0.137375088,0.273569632,0.807555895,0.188661157,0.128242215,0.049018939,0.388817178,0.716562574,0.110115584,0.172170495,0.323154224,0.285499794
"Ptprb",0.015460954,0.018066282,1.242748393,0,0.009701665,0.010290087,0.131739135,0.03257161,0.020715774,0.017220515,0.019203389,0.019033152
"Ptprz1",0.031006165,0.434177805,0.061107483,0.40662647,0.072033905,0.194513519,0.058593728,0.983386656,0.106691577,0.093254355,0.396911111,0.046728528
"Qdpr",0.041511421,0.03083028,0.132316033,0.187538978,0.026945957,0.025436037,0.048411496,0.102280537,0.035863735,0.169813046,0.100070012,0.474082271
"Qk",0.095853501,0.205578135,0.6042183,0.298490197,0.105549415,0.134059234,0.178620343,0.682964131,0.151811143,0.335677011,0.374208308,0.949928838
"Ramp1",0.045041316,0.075500096,0.030399479,0.375531807,0.068386418,0.091705784,0.050620125,0.180711945,0.023247099,0.079178828,0.065605699,0.027039961
"Rapgef3",0.013740573,0.063180106,0.136690637,0.171627251,0.005458115,0.011063964,0.020796624,0.332435626,0.011747691,0.02460882,0.112614946,0.070138162
"Rasgrp3",0.001735568,0.023417488,0.386054541,0,0.000970938,0.000966445,0.018581191,0.005651227,0.051083952,0.045669222,0.016606256,0.199093121
"Rassf2",0.010083132,0.029740445,0.026399508,0.044260741,0.004706589,0.002059759,0.02446116,0.080348432,0.039396276,0.056900879,0.042750153,0.16417561
"Rcbtb1",0.037501827,0.0503542,0.113584611,0.096304627,0.031273459,0.033908027,0.039408858,0.037804369,0.03801386,0.0955455,0.070290308,0.278366629
"Rdx",0.079902839,0.156931053,0.431340008,0.222413943,0.091054038,0.146243525,0.122762397,0.207450018,0.130999255,0.165737209,0.144673597,0.306819215
"Rgs5",0.026667295,0.033169565,1.552327571,0.084410328,0.020651596,0.027722902,0.295090469,0.068593931,0.046201161,0.024092151,0.045793232,0.066043274
"Rmst",0.066748299,0.049554519,0.017466053,0.332518608,0.040245887,0.008215255,0.034173497,0.243209832,0.041408439,0.076328891,0.141442269,0.005335771
"Rnf13",0.069621236,0.074146656,0.09058313,0.075487585,0.051724385,0.051862312,0.054279449,0.212515272,0.102235153,0.119886629,0.114411495,0.329966756
"Rorb",0.070685713,0.071067284,0.038433384,0.110788126,0.010200983,0.002320667,0.038102091,0.295633185,0.057627501,0.039505731,0.118269309,0.009966158
"Rrbp1",0.09067212,0.142737884,0.362076719,0.556344721,0.037898092,0.027888349,0.144280413,0.348034871,0.236639145,0.152321514,0.155691325,0.257460973
"S100a1",0.007264699,0.07546541,0.161336527,0.087692027,0.006175552,0.006147553,0.026296764,0.156906059,0.011555602,0.015656515,0.064690792,0.02502774
"S100a16",0.004591891,0.081594734,0.29927307,0.096862952,0.003125001,0.007566779,0.034912526,0.142027472,0.010188394,0.030295333,0.045661698,0.169294899
"S100b",0.037351683,0.065900338,0.038337003,0.415367594,0.015300812,0.008574611,0.031919626,0.206255497,0.022805037,0.037023642,0.080122825,0.086466989
"S1pr1",0.009157991,0.021813354,0.582960175,0.148385764,0.014951491,0.01016064,0.086117125,0.744048692,0.017629854,0.020308352,0.260169698,0.013272706
"Sash1",0.022942519,0.063242619,0.178757662,0.093787609,0.036037362,0.007752622,0.03953868,0.281291725,0.035052011,0.036840952,0.093619764,0.065364723
"Sat1",0.063068752,0.086638301,0.175623382,0.255713157,0.048737904,0.047245379,0.085193064,0.744467362,0.134304678,0.099428982,0.320467535,0.130247464
"Scara3",0.003945781,0.007019821,0.01294769,0.016536464,0.002451619,0.00036249,0.016030593,0.191744853,0.001839918,0.002758216,0.051886969,0.004509878
"Scd2",0.148801468,0.211570382,0.235788239,0.726398187,0.13773001,0.095372076,0.183671034,0.888715733,0.144844856,0.334773402,0.39944927,0.846522537
"Scg3",0.10861362,0.11654007,0.063080334,0.2737008,0.096677232,0.095663273,0.135623456,0.675298202,0.118534293,0.115895957,0.310673351,0.083036532
"Scrg1",0.002769779,0.054446355,0.007272196,0.014115345,0.001544846,0.004022446,0.025879755,0.119380152,0.0028364,0.006424437,0.019904088,0.012347832
"Sdc4",0.005147281,0.005538932,0.051901085,0.358327498,0.007506948,0.009892276,0.032122317,0.663996444,0.004256563,0.005321213,0.187398437,0.028343251
"Sema6d",0.036399752,0.047127971,0.085713257,0.461724638,0.075026139,0.102101885,0.044561717,0.186907456,0.065198374,0.105121856,0.105703515,0.166372518
"4-Sep",0.205179124,0.16108832,0.363286558,0.212678737,0.119401971,0.0380118,0.160285918,0.167643006,0.189234095,0.551539654,0.262792712,1.336774289
"Serpine2",0.04934385,0.404313018,0.130162445,0.374158993,0.032900403,0.014969262,0.086068477,0.753956975,0.048464288,0.055328625,0.209847934,0.034911445
"Sfxn5",0.060463516,0.057310309,0.056250883,0.275180411,0.037184721,0.038007839,0.057187973,0.492927843,0.055352067,0.045494915,0.213803969,0.031032596
"Sgk1",0.06162777,0.093458444,0.230165346,0.034413816,0.051914765,0.042984226,0.11237602,0.036174762,0.0810101,0.291134253,0.131113969,0.840554269
"Sgms1",0.033084502,0.035749987,0.886429315,0,0.032616875,0.033927976,0.082082336,0.040059837,0.053043118,0.030729064,0.039701781,0.050468759
"Siglech",0.00087269,0.016516406,0.000219487,0,0.000906338,0.000503107,0.006667394,0.006550795,0.116214653,0.015717372,0.010519574,0.048778853
"Slc12a2",0.07602405,0.085659769,0.179711216,0.006453709,0.069816775,0.071782664,0.105941428,0.035149968,0.07669123,0.177133907,0.122508077,0.590247272
"Slc15a2",0.004734232,0.028035743,0.03162925,0.085145444,0.020622256,0.076692671,0.019889637,0.274471272,0.025804164,0.031571499,0.113004961,0.035913778
"Slc1a2",0.357397183,0.375401421,0.413979773,0.770385504,0.26441344,0.214906553,0.481687451,2.089079322,0.338376208,0.267637609,1.147642022,0.160540175
"Slc1a3",0.028182048,0.119378414,0.141356686,0.58185255,0.031206205,0.063414433,0.205003137,1.444165353,0.048356246,0.057556847,0.627257629,0.125034123
"Slc27a1",0.048867504,0.028195717,0.046200239,0.192951083,0.048296161,0.059185239,0.057089636,0.408441852,0.067527984,0.044277852,0.190719971,0.063557906
"Slc2a1",0.031340238,0.034628096,1.228714072,0.590350443,0.016383591,0.017152734,0.156198931,0.113278233,0.035219873,0.028139534,0.052676754,0.059398407
"Slc30a10",0.013092858,0.010146436,0.090971509,0.042421288,0.015158189,0.015377788,0.058824817,0.174777481,0.016940463,0.012909527,0.080696734,0.008397097
"Slc38a3",0.005994286,0.061439196,0.449881216,0.527486909,0.011535253,0.006451967,0.070859971,0.436849724,0.008292737,0.00299955,0.158264588,0.016677827
"Slc39a12",0.004324523,0.004027168,0.021388102,0.061379247,0.004492685,0.005491941,0.01893021,0.335657041,0.00244554,0,0.080970101,0
"Slc4a4",0.076366972,0.083263111,0.10330522,0.235299511,0.110825133,0.328909527,0.093978873,0.971686659,0.087325738,0.09491015,0.335620141,0.040321555
"Slc6a1",0.093167775,0.241141379,0.054778231,0.168042036,0.047716781,0.068356129,0.082596669,0.684784412,0.077540041,0.163373476,0.300657341,0.212947482
"Slc6a11",0.012663724,0.005223413,0.017589567,0.028035667,0.006138732,0.008729385,0.010427665,0.38504205,0.00214341,0.013591301,0.10242275,0.010942219
"Slc6a20a",0.000532945,0.002460796,0.172752588,0,0.000393957,0.004236185,0.167036016,0.0291469,0.001250357,0.003962371,0.016139493,0.00600787
"Slc6a9",0.0165328,0.022367065,0.011384264,0.050573784,0.00969632,0.008018167,0.018207605,0.095952034,0.012845195,0.030498253,0.03211711,0.128264057
"Slc7a10",0.004966872,0.035396975,0.020015852,0.050083982,0.003233521,0.006028037,0.052205723,0.58584322,0.003300967,0.007879149,0.20527633,0.012978196
"Slc7a11",0.001495984,0.00451466,0.029950087,0.026340241,0.00100016,0.005708023,0.16203526,0.267388215,0.001759351,0.014970505,0.079954974,0.001361752
"Slc7a2",0.005341676,0.014650249,0.042337093,0.144038743,0.004975783,0.003672615,0.043747317,0.268665346,0.010582446,0.013607597,0.065025203,0
"Slco1a4",0.008949183,0.025746469,1.28477964,0.060007379,0.005636947,0.0070496,0.151341135,0.034495481,0.006584807,0.007727802,0.019889693,0.025012538
"Slco1c1",0.010983325,0.035435974,1.00906186,0.108713747,0.006719826,0.012191627,0.140026169,0.358319051,0.018979771,0.012899851,0.143748586,0.036433531
"Smc4",0.01259605,0.047370867,0.155067483,0.072624822,0.023944293,0.058659146,0.055515038,0.077556629,0.023837614,0.040569807,0.050546658,0.097475575
"Sned1",0.003862658,0.035209985,0.066312237,0.226606428,0.003998086,0.012508418,0.149988895,0.216714707,0.018665729,0.063968558,0.090253238,0.171281274
"Sorbs3",0.00390558,0.009875901,0.200195266,0.360486127,0.001861547,0.002492576,0.03620507,0.088025381,0.001076071,0.04863846,0.042450796,0.137497269
"Sox2ot",0.027965672,0.139923942,0.016105597,0.235177898,0.020000147,0.015006392,0.060766569,0.126079259,0.022688156,0.194494633,0.110026233,0.713704886
"Sox9",0.018116391,0.018236645,0.063301962,0.54045802,0.017611229,0.004406918,0.041978672,0.405217047,0.017764279,0.009261635,0.120515302,0.012549322
"Sparc",0.012061971,0.039347515,1.002809245,0.481849318,0.014715301,0.024143121,0.158045286,0.342164527,0.056200576,0.039041063,0.116060046,0.080666698
"Sparcl1",0.251568469,0.320240193,1.207858323,0.736428629,0.251340933,0.431720742,0.452280479,1.690752859,0.32366246,0.304497321,0.800470413,0.203430025
"Spef2",0.001531155,0,0.000311921,1.076675234,0.024676364,0.011371478,0.019038708,0.037508817,0.009243343,0.021794269,0.011877232,0.047046827
"Srebf1",0.014902904,0.062163404,0.069857506,0.461695591,0.013798085,0.015008124,0.01077114,0.252939153,0.019337292,0.051431613,0.102801005,0.086794768
"St18",0.000419996,0.007827093,0.001914701,0,0.005379662,0.14691715,0.00806586,0.009285451,0.018895464,0.068556587,0.026809202,0.201828624
"Tcf7l2",0.01127591,0.080868116,0.064590418,0.156106075,0.023015801,0.014824857,0.027492338,0.158564365,0.136788855,0.056921861,0.075315741,0.061852258
"Tgfbr1",0.002722961,0.032057666,0.04397641,0.052350912,0.003532824,0.013015561,0.018656402,0.060882396,0.283246571,0.056293081,0.040955771,0.11059658
"Timp3",0.016575567,0.100622063,0.678667985,0.289581264,0.013962002,0.013698348,0.172753024,0.438539197,0.041520589,0.020121065,0.14150319,0.04598525
"Tjp2",0.014393671,0.029112037,0.139102145,0.129905144,0.004099907,0.007182217,0.027551316,0.108472471,0.016637896,0.037256795,0.024799132,0.14960593
"Tkt",0.056914681,0.080833481,0.086306091,0.145135438,0.043645212,0.046153865,0.070748623,0.183121393,0.061229637,0.089343093,0.112192252,0.140885634
"Tlcd1",0.003338025,0.033053632,0.01291088,0.082115298,0.004547592,0.002271847,0.012528768,0.241396023,0.002207133,0.002677252,0.075808159,0.003640061
"Tm4sf1",0.006145985,0.018645573,0.471246463,0.803549994,0.006015459,0.002281243,0.06618663,0.010270098,0.005328278,0.004677099,0.01831983,0.002473564
"Tmbim1",0.022380236,0.047439385,0.091212747,0.065566423,0.024406431,0.012252217,0.031013017,0.11335909,0.018514946,0.118582461,0.056561739,0.397454896
"Tmcc3",0.007139401,0.057505649,0.251332723,0.151232698,0.025622584,0.034196401,0.036503577,0.055957613,0.027045279,0.065655994,0.046064068,0.222553863
"Tmco1",0.044635683,0.052316477,0.185504295,0.192082569,0.055726741,0.075856309,0.08998128,0.179419278,0.031848794,0.044060258,0.052452481,0.052043335
"Tmem176b",0.002864214,0.103704847,0.042850503,0.250260278,0.001704522,0.007667555,0.01624339,0.145045213,0.005752559,0.007838319,0.040500086,0.004684727
"Tmem229a",0.012451316,0.0120936,0.022804644,0.033723485,0.007488458,0.005329811,0.0127334,0.158028547,0.009076135,0.047993428,0.048478412,0.151297891
"Tmem47",0.031446013,0.033057162,0.052511499,0.482424821,0.027576446,0.067545343,0.034602176,0.655736651,0.05542017,0.0367179,0.184949597,0.009512962
"Tmem63a",0.001557323,0.004146901,0.027094661,0.021026967,0.000823578,0.002917952,0.009284711,0.012952613,0.012390532,0.082037952,0.037715648,0.357262395
"Tmem88b",0.006228677,0.015654191,0.006014833,0,0.005624214,0.002779936,0.006209303,0.017845986,0.009339776,0.08046373,0.032605996,0.272725734
"Tnfaip6",0.003298591,0.00870762,0.009467609,0.014115345,0.003064386,0.001576322,0.013687036,0.022169223,0.001498892,0.0578155,0.028172852,0.223186236
"Tprkb",0.04975301,0.097113924,0.089571878,0.302998762,0.058960947,0.054075895,0.056185144,0.474768194,0.052496444,0.068848457,0.157617337,0.099714155
"Tril",0.004046024,0.056364864,0.119241755,0.007186989,0.005144367,0.008400219,0.016590951,0.472531452,0.002512559,0.01335423,0.137747608,0.005919959
"Trim59",0.011816713,0.035631102,0.004690721,0.054627718,0.015027055,0.014580854,0.016330645,0.004847117,0.0097093,0.088717349,0.04285245,0.351238325
"Trp53bp2",0.017588241,0.016509708,0.0341373,0.479289179,0.026228559,0.034606693,0.021151093,0.306074882,0.020199207,0.0371799,0.09737646,0.142058689
"Trpm3",0.010449686,0.050334977,0.008707222,0.065999002,0.034368812,0.154196229,0.083097449,0.171028125,0.042700755,0.044516874,0.071836545,0.01249972
"Tsc22d3",0.028940706,0.039168595,0.694549925,0.122180555,0.022753066,0.010950766,0.123308131,0.299342152,0.041814541,0.069647455,0.147419031,0.167691504
"Tsc22d4",0.044145776,0.100009984,0.084357671,0.323211117,0.049592442,0.030573319,0.06328446,0.492600313,0.083747718,0.116995096,0.184980788,0.282004745
"Tspan2",0.014271369,0.046765789,0.009447195,0.072696594,0.015350883,0.007237664,0.025313302,0.025187711,0.015308891,0.14318568,0.054071594,0.552842146
"Ttyh2",0.00336471,0.022295783,0.141529471,0,0.005819419,0.003541906,0.015955243,0.062663895,0.00477193,0.083720396,0.03727219,0.362744113
"Tubb4a",0.057217916,0.047447136,0.044746357,0.088421996,0.038781703,0.0327309,0.069277478,0.060970117,0.05355503,0.157838456,0.066660536,0.332386625
"Ugt8a",0.00642652,0.033694875,0.006172761,0,0.00622718,0.005678782,0.001818641,0.011648896,0.009555516,0.085288037,0.028434122,0.312374666
"Utrn",0.038759255,0.0742152,0.677293683,0.146009338,0.008906828,0.007854363,0.114948118,0.149931302,0.027610476,0.032637846,0.064036784,0.02775308
"Vcam1",0.001922148,0.004877702,0.030236476,0,0.000621731,0.001150417,0.030925312,0.166009571,0.004370422,0,0.053247355,0.002578477
"Vcan",0.005585866,0.720662235,0.021788836,0.028035667,0.003294923,0.011995762,0.012258605,0.072253281,0.017390084,0.023285287,0.053847999,0.033109217
"Vegfa",0.071050356,0.163356979,0.034774672,0.095429305,0.045360327,0.030318504,0.080226235,0.477854539,0.070899498,0.074553816,0.226041823,0.061729732
"Vim",0.009813957,0.008892847,0.558861661,0.739044176,0.01297642,0.012950702,0.10305979,0.131829737,0.012639179,0.012837695,0.027232049,0.035100316
"Vtn",0.006961209,0.013023725,0.692839134,0.050172881,0.006687189,0.01590355,0.186377384,0.040690824,0.020471164,0.011503856,0.036642027,0.038865518
"Wscd1",0.015311904,0.072766332,0.039437651,0.113540272,0.038618284,0.042290748,0.019684105,0.087375854,0.031688153,0.086167154,0.066442311,0.198998124
"Zbtb20",0.083051938,0.522397411,0.8704297,1.834114709,1.067466876,1.531881601,0.399068346,1.230689035,0.476424284,0.581686118,0.617288168,0.580824948
"Zfp36l1",0.005127425,0.06317619,0.363189131,0.534598319,0.002511124,0.007560443,0.052059231,0.184085192,0.030812032,0.010099352,0.051486403,0.024556878
